<?xml version="1.0" encoding="UTF-8"?>
<project-private xmlns="http://www.netbeans.org/ns/project-private/1">
    <editor-bookmarks xmlns="http://www.netbeans.org/ns/editor-bookmarks/2" lastBookmarkId="0"/>
    <open-files xmlns="http://www.netbeans.org/ns/projectui-open-files/2">
        <group>
            <file>file:/Users/pieterkoopman/Documents/onderwijs/OO/OO%20opgaven/OO-opgaven-17-18%20Final/exc15/OO17Taxi/src/ooTaxi/OOTaxiMain.java</file>
            <file>file:/Users/pieterkoopman/Documents/onderwijs/OO/OO%20opgaven/OO-opgaven-17-18%20Final/exc15/OO17Taxi/src/ooTaxi/Station.java</file>
            <file>file:/Users/pieterkoopman/Documents/onderwijs/OO/OO%20opgaven/OO-opgaven-17-18%20Final/exc15/OO17Taxi/src/ooTaxi/Util.java</file>
            <file>file:/Users/pieterkoopman/Documents/onderwijs/OO/OO%20opgaven/OO-opgaven-17-18%20Final/exc15/OO17Taxi/src/ooTaxi/Taxi.java</file>
            <file>file:/Users/pieterkoopman/Documents/onderwijs/OO/OO%20opgaven/OO-opgaven-17-18%20Final/exc15/OO17Taxi/src/ooTaxi/Train.java</file>
        </group>
    </open-files>
</project-private>
